Name,Locality,State,Country,Latitude,Longitude,Room Type,Guest Count,Price,Ratings
HighQ Manali / Deluxe Room,Manali,Himachal Pradesh,India,32.2233,77.18228,Room in hotel,3,8946,0
Highq manali / 3 BHK Cottage,Manali,Himachal Pradesh,India,32.22352,77.18152,Room in hotel,9,9124,0
Best view of the river from your terrace 04,Goa,Goa,India,15.504,73.866,Private room in home,4,9900,4.0
Shabashe,Bhuntar,Himachal Pradesh,India,31.88656,77.14467,Shared room in rental unit,1,8684,0
Luxurious Independent Studio with Wifi & Kitchen,Jaipur,Rajasthan,India,26.85991,75.66909,Entire condo,1,20690,4.75
Aman Palace Guest House Kasol With Super Deluxe Room,Bhuntar,Himachal Pradesh,India,32.01248,77.29114,Room in hotel,3,4274,0
Aman Palace Guest House Kasol With Deluxe Room,Bhuntar,Himachal Pradesh,India,32.01204,77.2909,Room in hotel,2,4274,0
Boutique destination wedding experience  50pax pkg,Gurugram,Haryana,India,28.36673,77.00647,Farm stay,16,1734,0
Lux farm resort with pool - Villa,Ganaheda,Rajasthan,India,26.49372,74.5383,Farm stay,12,1804,0
Deluxe Room,Banjar,Himachal Pradesh,India,31.63839,77.34503,Room in hotel,3,2822,0
"Vedatmana By The Waves, Morjim",Morjim,Goa,India,15.62707,73.7327,Entire villa,12,902,0
Marriage  Or Party Full Resort For 30 Persons,Gurugram,Haryana,India,28.35517,77.00426,Farm stay,16,1443,0
StayVista - Pranaam - 6Bhk Luxury Alibaug,Awas,Maharashtra,India,18.76514,72.87878,Entire villa,15,912,0
Luxury PoolSide Heritage Villa in Lap of Nature,Bengaluru,Karnataka,India,13.12752,77.56391,Private room in resort,16,882,0
12 BR Mansion | Big Groups | Private Pool | Scenic,Sangolda,Goa,India,15.54799,73.81177,Entire villa,16,1374,0
An extravagant Pushp villa overlooking the Ganges,Rishikesh,Uttarakhand,India,30.13704,78.30683,Entire villa,8,788,0
Perfect for Big Groups! 8BR Villa w Pool in Parra,Parra,Goa,India,15.57329,73.7767,Entire villa,16,978,0
Brookwood Gardens Wedding Guest Rooms,New Delhi,Delhi,India,28.496,77.166,Farm stay,16,962,0
Pahalgham Cottage Next to the River,Aru,Jammu and Kashmir,India,34.09091,75.26407,Entire cottage,10,782,0
Crystal Village 10 Bedroom Pvt Pool villa Nagoa,North Goa,Goa,India,15.56203,73.78613,Entire home,16,854,0
Flamingo lovely boutique villa 11 bed Luxury Space,Mararikulam,Kerala,India,9.58429,76.3051,Entire home,16,1443,0
10 BHK Luxury Villa w Pool - Modern Cottage Style,Awas,Maharashtra,India,18.76034,72.88551,Entire villa,16,1325,4.89
"6 BHK Villa W/pool,wifi- LuaCheia,canacona , Goa",Canacona,Goa,India,14.9939,74.0571,Entire villa,13,1220,0
"Luxury Entire Heritage Villa, Wifi",Nainital,Uttarakhand,India,29.38514,79.45673,Entire villa,16,842,0
A majestic luxurious villa overlooking the Ganges,Pathau,Uttarakhand,India,30.1373,78.30656,Entire villa,8,913,0
Azara Serenidad 5BHK Private Pool Villa in Anjuna,Anjuna,Goa,India,15.58917,73.75996,Entire villa,10,1185,0
Homfortable Loshgyani Estate-Rustic forest retreat,Nathuwakhan,Uttarakhand,India,29.47118,79.58584,Farm stay,12,1118,0
Entire boutique stay with 8 rooms Khvaab Manali,Manali,Himachal Pradesh,India,32.29923,77.17704,Room in boutique hotel,16,962,0
Casa Susegad - Restored Indo-Portuguese Mansion,Loutolim,Goa,India,15.33419,73.97759,Entire villa,14,902,0
8BHK(2X4) Super Luxurious @candolim,Candolim,Goa,India,15.51782,73.76411,Entire serviced apartment,16,782,0
Private Pool Villa with meals for 10+ guests.,Karjat,Maharashtra,India,18.91863,73.33386,Entire villa,16,962,0
Assagao Bay: Luxury Villa by the Rose Nomad,Assagao,Goa,India,15.59765,73.77297,Entire villa,8,842,0
"Mohan Niwas Palace, A Heritage Homestay in Panna.",Panna,Madhya Pradesh,India,24.71172,80.17358,Entire villa,8,1443,0
Welcome to 16 Bedroom Gem hidden in Nature!,Nashik,Maharashtra,India,20.07376,73.64485,Farm stay,16,1082,0
45 foot 3BR Yacht at Mumbai Harbour,Mumbai,Maharashtra,India,18.92245,72.83399,Boat,8,1503,0
"Himalayan Kothi, Kais",Kullu,Himachal Pradesh,India,32.03766,77.14406,Room in boutique hotel,2,1203,0
StayVista at 5 rooms @ Vyoman,Lonavla,Maharashtra,India,18.70197,73.45109,Private room in villa,10,1004,0
PALACIO   LONAVALA,Lonavla,Maharashtra,India,18.77152,73.37963,Entire villa,12,902,0
22BHK(5+5+6+6) PRIVATE POOL VILLA near CANDOLIM,Nerul,Goa,India,15.50637,73.79914,Entire villa,16,1203,0
Woods Goa Bunglow,SALIGAO,Goa,India,15.5554,73.78126,Entire bungalow,16,782,0
Room at Ribandar Hill ..Value for money 01,Ribandar,Goa,India,15.504,73.866,Shared room in guest suite,2,1203,4.2
"Paloma, Baale Resort Goa, Luxury 3 Bedroom Villa",Arpora,Goa,India,15.54944,73.7637,Private room in resort,8,1385,0
"Koi, Baale Resort Goa, Luxury 4 Bedroom Villa",Arpora,Goa,India,15.54762,73.76425,Private room in resort,10,1529,0
Super Luxury 4BHK Villa with Excellent Service,Guirim,Goa,India,15.56865,73.8132,Entire villa,12,902,0
Farmhouse Gardens & Swimming Pool for film shoots,New Delhi,Delhi,India,28.443,77.167,Farm stay,6,1503,0
Beautiful Cottage in the village of Bujera Udaipur,Udaipur,Rajasthan,India,24.49092,73.58379,Entire villa,7,1263,0
BnB with Antique furniture in River view place 02,Panaji,Goa,India,15.504,73.866,Private room in villa,2,1097,4.83
Brookwood Gardens Wedding Venue,New Delhi,Delhi,India,28.495,77.136,Farm stay,16,1203,0
Stunning Luxury 16 bedroom Villa + Private Pool,Arpora,Goa,India,15.535,73.767,Entire villa,16,1172,0
"Lakeside 20 AC Rooms In Kumarakom, Kerala, India",Kumarakom,Kerala,India,9.58518,76.42182,Farm stay,16,788,0
Private Beach Touch Villa,Anjuna,Goa,India,15.57058,73.7415,Entire villa,4,902,0
Brookwood Gardens Glasshouse Party Venue,New Delhi,Delhi,India,28.49204,77.13633,Farm stay,16,962,0
A luxury heritage Goan Boutique villa in Panjim,Panaji,Goa,India,15.49643,73.81885,Private room in villa,15,1168,0
6BHK Celebrity Ultra Luxury Villa at Baga,Calangute,Goa,India,15.54723,73.76524,Entire villa,14,842,0
Valley Meadows Farm,Assonora,Goa,India,15.62133,73.89804,Room in boutique hotel,16,1022,0
Farmhouse for wedding and pre-wedding function !!!,New Delhi,Delhi,India,28.43832,77.18967,Farm stay,16,1203,0
Unique Breathtaking Luxury Villa with Party Room,Gauravaddo,Goa,Goa,15.535,73.767,Entire home,10,888,4.33
Farm resort (AC halls avb./16 rooms/40 ppl stay),Gurugram,Haryana,India,28.36638,77.00665,Farm stay,16,1311,0
PRE-WEDDING @ EXQUISITE PRIVATE FARM,New Delhi,Delhi,India,28.44808,77.18313,Farm stay,16,1203,0
8 Bedroom Luxury Private Pool Villa ! Breakfast,North Goa,Goa,India,15.55636,73.78057,Entire villa,16,842,0
"Escape to Paradise, Your Group Getaway 12-36 Pax",Goa,Goa,India,15.535,73.767,Entire villa,16,978,5.0
ChaCha Villa,Abu Road,Rajasthan,India,24.53351,72.79282,Entire bungalow,12,1082,0
9 Luxury Heritage Boutique stay in Fontainhas Goa,Panjim,Goa,India,15.49783,73.83033,Room in heritage hotel,16,842,0
7 BedRoom Villa on the Chapora River in Colvale,Colovale,Goa,India,15.64852,73.81753,Entire villa,10,962,4.6
Natural Pearl Farms,Kukas,Rajasthan,India,27.08777,75.88661,Farm stay,8,842,0
ULTRA LUXURIOUS MANSION with Private Discotheque,Nandgaon,Maharashtra,India,18.77551,73.4101,Entire villa,16,902,0
Ultimate 9 BHK Beach Villa on Candolim Beach,Candolim,Goa,India,15.51716,73.76421,Entire villa,16,1153,0
6BHK Private Villa with Infinity pool and Sea view,Barashiv,Maharashtra,India,18.48283,72.90424,Entire villa,16,1203,0
"Hamsa Villas, Candolim Beach, Goa (Casa Sea Vista)",Candolim,Goa,India,15.52253,73.76319,Entire villa,12,1143,5.0
Luxurious Serviced 6BHK Villa on Candolim Beach,Candolim,Goa,India,15.5164,73.76705,Entire home,12,798,4.8
StayVista at Cowboy Castle -7BR w/ Panoramic View,Mahabaleshwar,Maharashtra,India,17.92426,73.73543,Entire villa,16,784,0
Heritage-Portuguese Luxurious Villa in South Goa,Ambelim,Goa,India,15.17409,73.97429,Entire villa,16,902,0
Shambhala by the ganges,Rishikesh,Uttarakhand,India,30.12978,78.3307,Entire villa,12,1503,0
"Private Room  For LONG STAY  with attached bath,",Delhi,Delhi,India,28.66944,77.20366,Private room in bed and breakfast,2,1924,0
Walking Distance  to Golden Temple,Amritsar Cantt.,Punjab,India,31.6253,74.8819,Room in hotel,2,36079,3.75
StayVista at Vyoman,Lonavla,Maharashtra,India,18.70196,73.45204,Entire villa,16,1481,0
Beachfront 6+1BDR Luxury Villa With Private Pool.,Calangute,Goa,India,15.5351,73.75755,Entire home,12,897,4.78
Dwaraka Residency Quad Occupancy Room,Vijayawada,Andhra Pradesh,India,16.47665,80.70571,Room in hotel,4,3041,0
Birdsong Moira | A Unique Homestay Experience,Moira,Goa,India,15.60049,73.83723,Entire villa,15,962,0
"Art -inspired , Designer Calangute Beach Villa",Calangute Beach,Goa,India,15.54855,73.75427,Entire villa,16,782,0
Dwaraka Residency Double Room Near Anjaneya Swamy Poranki Vijayawada,Vijayawada,Andhra Pradesh,India,16.47685,80.70631,Room in hotel,2,3033,0
Luxury Boutique Hotel.,Goa,Goa,India,15.31553,73.91299,Room in boutique hotel,16,880,4.94
"Vedantha@33-Beach Front Pool Villa.ECR
9884458888",Chennai,Tamil Nadu,India,12.94891,80.26171,Entire home,16,893,5.0
12 Bedroom Luxurious Heritage Villa with Pool.,Sangolda,Goa,India,15.54477,73.80395,Entire bungalow,16,1563,0
Aashiyaana Villa Heritage Luxury Villa With Pool,Lonavala,Maharashtra,India,18.76805,73.41268,Entire villa,15,1203,0
CALANGUTE 2BHK NO:8,Calangute,Goa,India,15.537,73.768,Entire rental unit,8,3007,4.25
"Hotel Doon's Pride, Dehradun-Superior Room",Dehradun,Uttarakhand,India,30.31502,78.03482,Room in hotel,3,1581,0
"Hotel Doon's Pride, Dehradun-Deluxe Room",Dehradun,Uttarakhand,India,30.31512,78.03483,Room in hotel,3,1756,0
Dwaraka Residency Triple Room Near Anjaneya Swamy Poranki Vijayawada,Vijayawada,Andhra Pradesh,India,16.47528,80.70549,Room in hotel,3,3041,0
Serene Voyage 5 bhk in Assagao,Vagator,Goa,India,15.60224,73.78022,Entire home,14,998,4.64
A glamorous 4 B/R Villa with gorgeous views+BBQ,Nilgiris,Tamil Nadu,India,11.33,76.803,Entire villa,10,993,0
Villa Azul by Lohono Stays,Vagator,Goa,India,15.59941,73.7575,Entire villa,10,940,0
Private Villa with Pool by the beach,Mandrem,Goa,Goa,15.66367,73.71241,Entire villa,16,902,3.83
54 foot 3BR Luxury Yacht Mumbai Harbour,Mumbai,Maharashtra,India,18.92181,72.83607,Boat,10,1924,0
coconut villa 3 bhk,Alibag,Maharashtra,India,18.64594,72.89102,Entire villa,12,1804,0
"Hamsa Villas, Manali",Manali,Himachal Pradesh,India,32.2409,77.18879,Entire home,12,1744,4.83
"Hamsa Villas, Candolim Beach, Goa (Casa Sea Esta)",Calangute,Goa,India,15.53091,73.76345,Entire villa,12,1082,0
Peeli Kothi is ideal 4 shooting with heritagelook,Ashapura,Rajasthan,India,26.29586,74.73548,Farm stay,2,2405,0
Cherry Flower.,Mahagaon,Maharashtra,India,18.697,73.506,Entire bungalow,16,1546,4.53
14 room Luxury Beach Villa with two large Pools,Kihim,Maharashtra,India,18.73272,72.86783,Entire villa,16,1674,0
"Bara Bungalow Kalwar, Jaipur (Entire Bungalow)",Kalwar,Rajasthan,India,26.98848,75.58298,Entire bungalow,16,1082,0
Eternia Villa | Exclusive Pool | Modernised | 7BHK,Reis Magos,Goa,India,15.50182,73.81186,Entire villa,14,3007,0
StayVista at Casa Bella- Luxury Villa W/Sea View,Alibaug,Maharashtra,India,18.65904,72.87707,Entire villa,16,842,4.0
Suite 2 (The Himalayan Living Whispering Oaks),Ramgarh,Uttarakhand,India,29.42102,79.54799,Room in hotel,3,4381,0
Premium Deluxe Room,Janedghat,Himachal Pradesh,India,30.99192,77.20999,Room in hotel,3,4351,0
8 rooms @Castle Oodeypore,Bujra,Rajasthan,India,24.561,73.637,Private room in castle,16,962,0
Entire Suite Villa (The Himalayan Living Whispering Oaks),Ramgarh,Uttarakhand,India,29.42237,79.54729,Room in hotel,6,4381,0
Destination Wedding Venue,New Delhi,Delhi,India,28.49698,77.13752,Farm stay,16,4209,0
The best place to stay in South Kolkata,Kolkata,West Bengal,India,22.516,88.351,Entire condo,4,6013,4.27
Defence Colony A Block Apartment with elevator.,New Delhi,Delhi,India,28.575,77.232,Entire rental unit,6,4209,4.91
"A cozy, centrally located Bed and Breakfast",Pune,Maharashtra,India,18.52454,73.87851,Private room in condo,2,4269,4.8
Balcony With Mountain View Westros Kasol,Kasol,Himachal Pradesh,India,32.00977,77.31291,Room in hotel,3,4470,0
HomesTel Non Ac Room,Patna,Bihar,India,25.59828,85.17635,Room in hotel,3,4418,0
Olive Glasshouse ~ Private Party Venue,New Delhi,Delhi,India,28.4963,77.15165,Entire place,16,4209,0
Swiss Luxury Tent,Khoohdi,Rajasthan,India,26.61888,70.70844,Room in hotel,4,4444,0
Olive 8 Glasshouse,New Delhi,Delhi,India,28.49611,77.15379,Farm stay,16,3608,0
Aalaya by Happy Retreats - Weddings-Family Getaway,Bengaluru,Karnataka,India,13.06573,77.4722,Farm stay,15,4209,0
Gypsy Divers Dive Resort-Standard Room,Govind Nagar,Andaman and Nicobar Islands,India,12.03632,92.99161,Room in hotel,3,5274,0
8 to 14 BR | Luxury | Single Key | Top Location,Assagao,Goa,India,15.59992,73.77924,Entire villa,16,4209,0
Spice Routes Houseboats - Cinnamon,Alappuzha,Kerala,India,9.46949,76.38729,Houseboat,6,698,0
Bougainvilla.. The perfect Getaway in Paradise,Mumbai,Maharashtra,India,19.16242,72.7834,Entire villa,8,601,4.96
Celebration: 6BHK Luxury Villa - Pool/Jaccuzi/Bar,Baga,Goa,India,15.56965,73.75761,Entire villa,14,661,5.0
TROPICAL VIBES 5BHK Luxury Beach House,Dona Paula,Goa,India,15.45279,73.80111,Entire villa,14,660,4.62
Private luxury 7BHK villa with swimming pool,Marna,Goa,India,15.615,73.78,Entire villa,16,598,4.8
Luxurious 5BHK Villa With a Caretaker in Assagao,Assagao,Goa,India,15.59117,73.77654,Entire villa,15,623,4.33
Pura Vida I by Hireavilla-5BR w Pvt pool in Anjuna,Anjuna,Goa,India,15.5804,73.75759,Entire villa,15,771,4.88
"Pool party, Function & Events @ Heritage Bungalow",Jaipur,Rajasthan,India,26.925,75.801,Entire bungalow,16,567,0
Falcon Hill -Infinity pool views near Lion's point,Lonavala,Maharashtra,India,18.67386,73.39413,Entire villa,15,624,5.0
Frangipani by Hireavilla-5BR Lux Estate in Alibaug,Alibag,Maharashtra,India,18.65748,72.87744,Entire home,15,701,4.47
ChaletShanagManali- 4 BR Chalet,Manali,Himachal Pradesh,India,32.28484,77.17409,Entire chalet,8,505,4.5
Cliffhouse by Hireavilla -5BR w Pvt pool in Saipem,Candolim,Goa,India,15.52543,73.78704,Entire villa,15,546,4.89
"Lux 2 Villa's with 2 cooks, Private Pool & Car",Brittona,Goa,India,15.52537,73.84675,Entire villa,16,754,4.67
Bougainvillea: Beautiful 6BHK Villa by Limestays,Zirad,Maharashtra,India,18.75593,72.8881,Entire villa,16,773,0
StayVista La Palm 8BR w/Pool/Steam & Sauna Room,Kune N.m.,Maharashtra,India,18.75698,73.39004,Entire villa,16,579,0
StayVista at Krishnalaya Mansion Jaipur city home!,Jaipur,Rajasthan,India,26.92502,75.79783,Entire villa,16,524,4.64
Serenity: 6BHK  Luxury Villa Pool/Parking (Baga),Baga,Goa,India,15.56983,73.75897,Entire villa,14,601,4.78
"Deck-4 Bed-Infinity Private Pool,Arpora @North Goa",Parra,Goa,India,15.57422,73.77815,Entire villa,10,545,4.57
Iraluxe,New Delhi,Delhi,India,28.4439,77.20693,Farm stay,4,541,0
Exotic beachfront 6BR private pool Ashvem,Arambol,Goa,India,15.64017,73.71949,Entire bungalow,16,518,0
Luxury 6Bhk Crescent Private Pool Villa Lonavala,Lonavla,Maharashtra,India,18.76709,73.41391,Entire home,15,523,4.56
Luxury Garden Villa Dehradun,Bhandar Gaon,Uttarakhand,India,30.40678,78.08064,Entire villa,11,527,4.7
StayVista at The Banyan Abode w/ Pool Table & TT,Gurugram,Haryana,India,28.29159,76.93283,Entire villa,16,574,4.57
Rah - 5 BHK Luxury Villa by Vio Stays in Assagao,Anjuna,Goa,India,15.591741677638089,73.76814340922766,Entire home,13,600,0
"Beutiful appartment near candolim beach, calangute",Candolim,Goa,India,15.5166,73.76937,Entire rental unit,4,601,4.54
8BHK 60 ML Chalet (can accommodate 40 paxs*),Lonavla,Maharashtra,India,18.73924,73.43787,Entire bungalow,16,519,5.0
Villa Helena Heritage Guest House - Full Villa,Puducherry,Puducherry,India,11.928,79.833,Private room in bed and breakfast,16,589,0
"Villa Arcadia 6BHK : Jacuzzi, Pool, Garden",Arpora,Goa,India,15.57131,73.75704,Entire villa,14,644,0
"Casa Pelo Mar, Goa",Candolim ,Goa,India,15.50387,73.77057,Entire villa,15,704,5.0
"The Goan Pool Villa, Amidst Mother Nature, Alibag",Alibag,Maharashtra,India,18.73712,72.87669,Farm stay,12,498,4.13
Serene Flores French Style Boutique Villa,Anjuna,Goa,India,15.5877,73.765,Entire villa,12,553,0
Blu Grass 7 Bedroom Holiday Villa near Calangute,Saligao,Goa,India,15.55615,73.78145,Entire villa,14,687,0
6BHK PRIVATE POOL BEACH VILLA @ BAGA,Calangute,Goa,India,15.54714,73.7644,Entire villa,14,661,0
Exquisite 9 Bedroom Family Style Mansion with Pool,Calangute,Goa,India,15.535,73.768,Entire home,16,531,5.0
The Rain- 3BR Luxiries w/Breakfast and Kayaking,Alappuzha,Kerala,India,9.54289,76.35456,Private room in villa,9,515,0
The Foothills Villas -  A nature's home in Aravali,Achrol,Rajasthan,India,27.13538,75.96086,Farm stay,16,722,0
WOOD HEAVEN FARMS,Jaipur,Rajasthan,India,27.04744,75.74732,Farm stay,16,601,0
Farmhouse with pool for #photo shoot !!!,New Delhi,Delhi,India,28.43781,77.18884,Farm stay,16,601,0
Estella by Vista Grande,Panchgani,Maharashtra,India,17.93,73.804,Entire villa,16,595,0
10-12 person | Pool Villa | Bfast & dinner | BBQ,Udaipur,Rajasthan,India,24.5971,73.75547,Farm stay,11,495,0
"Beachgate Bungalows by CGH Earth, Fort Kochi Beach",Kochi,Kerala,India,9.95954,76.23788,Entire home,6,541,5.0
Elevate your next Adventure at Villa Calangute Goa,Calangute,Goa,India,15.535,73.766,Entire home,16,502,0
O'Pearl 9bhk Beach Touch Private villa with pool,Pawas,Maharashtra,India,16.87067,73.31219,Entire villa,16,601,0
Dazzling Hills-Pure Veg Villa by 29Bungalow,Panchgani,Maharashtra,India,17.91824,73.80685,Entire villa,15,550,0
5BHK Private Pool La Baga Villa at Baga,Baga,Goa,India,15.56546,73.7483,Entire villa,12,601,0
Private 10 Room Farmhouse - Rare Find Mahablshwar,Mahabaleshwar,Maharashtra,India,17.92354,73.66923,Entire villa,16,533,0
"Executive 4 Rooms, Bath, Cook, Parking,",Jaipur,Rajasthan,India,26.92538,75.72046,Entire villa,12,553,0
Bijay Niwas Palace  - A Heritage hotel,Bijainagar,Rajasthan,India,25.913,74.591,Room in heritage hotel,15,722,0
"Div Estate: Wedding Venue (Aamwala, Dehradun)",Aamwala,Uttarakhand,India,30.36688,77.9941,Farm stay,10,601,0
11BHK (5+6)LUXURY PRIVATE POOL VILLA near CANDOLIM,Nerul,Goa,India,15.50773,73.80062,Entire villa,16,601,0
VIDEO SHOOT PACKAGE,Gurugram,Haryana,India,28.35522,77.00456,Farm stay,16,601,0
Ninteen People Accomodation at Mararikulam Beach,Mararikulam,Kerala,India,9.59906,76.3014,Private room in bed and breakfast,16,541,0
Spice Routes Houseboats - Pepper,Alappuzha,Kerala,India,9.47909,76.38724,Houseboat,4,534,0
Spice Routes Houseboat- Saffron,Alappuzha,Kerala,India,9.46065,76.39451,Houseboat,2,541,0
9 Bedroom villa with swimming pool @ Baga River,Calangute,Goa,India,15.56914,73.75654,Entire villa,16,490,0
chomal huts,Chuchot Yakma,Ladakh,India,34.08691,77.5807,Private room in resort,10,541,0
GP Farm 8BH Villa,Nashik,Maharashtra,India,20.07478,73.64144,Private room in resort,16,505,0
Monforte Villa I by Lohono Stays,Sangolda,Goa,India,15.54225,73.81266,Entire home,8,655,0
Boohemiaa Greek Villa (With Private Pool),Penha de França,Goa,India,15.544,73.817,Entire villa,6,593,0
BeachO 8bhk by Unexplora,Kashid,Maharashtra,India,18.4396,72.90539,Entire bungalow,14,541,0
Princess Villa Manali,Gadherni,Himachal Pradesh,India,32.21399,77.18382,Room in boutique hotel,16,601,0
Mountain-view - 3BR W/Swimming Pool @Geometrica,Lonavla,Maharashtra,India,18.77809,73.38887,Entire villa,9,500,0
The Rustic Pines,Udaipur,Rajasthan,India,24.63226,73.63276,Entire chalet,16,577,0
Pasiiflora (Wada),Kumdal,Maharashtra,India,19.70887,73.00706,Farm stay,16,533,0
Stay in heritage house in the heart of city,New Delhi,Delhi,India,28.64295,77.17428,Entire home,15,601,0
Perfect Getaway - LUX 6br+pool,Candolim,Goa,India,15.529,73.801,Entire home,16,678,0
Luxurious Penthouse - 11th Floor -Pickup on demand,Varanasi,Uttar Pradesh,India,25.30992,82.96668,Entire condo,6,601,0
★ Farmhouse for your Socially-Distanced Parties ★,New Delhi,Delhi,India,28.49231,77.21424,Private room in farm stay,10,613,0
Family superior cottage - Morning glory,Kerala,Kerala,India,11.53047,76.15498,Private room in bed and breakfast,4,722,0
Villa Serene - Private pool villa,Dona Paula,Goa,India,15.4557,73.79935,Entire villa,10,601,0
StayVista at Amarillo Villa- Rustic 4BR W/Pool,Zirad,Maharashtra,India,18.75338,72.9123,Entire villa,11,528,4.67
Nine Furlongs - Kakarkot - The Forest Bungalow,Almora,Uttarakhand,India,29.70544,79.74828,Private room in nature lodge,4,532,0
9BHK Villa for Big Groups nr Baga & Calangute,North Goa,Goa,India,15.55671,73.78139,Entire home,16,549,0
The Wilderness Homestay and Farm,Waghodia,Gujarat,India,22.33,73.534,Farm stay,12,533,0
Kalhaar blues&greens Luxurious golf Villa(entire),Ahmedabad,Gujarat,India,23.01665,72.37177,Entire bungalow,6,541,0
Farm Villa @ Devra udaipur- 8 rooms n pool,Udaipur,Rajasthan,India,24.57298,73.64834,Entire villa,16,577,0
Farmhouse for corporate events and pool party !!!,New Delhi,Delhi,India,28.43926,77.18906,Farm stay,16,722,0
Dwaraka Inn -6BR with Luxurious Pool and Garden,Coimbatore,Tamil Nadu,India,11.03008,76.93579,Entire villa,16,503,0
12 B.room Boutique resort with pool in Gurgaon.,Raiseena,Haryana,India,28.31868,77.01859,Private room in resort,16,541,0
"Foresta by the lake, pool, turf, game room &gazebo",Kamshet,Maharashtra,India,18.74762,73.54216,Entire villa,16,565,0
Luxurious 5BHK Private Pool BEACH Villa @ BAGA,Baga,Goa,India,15.55641,73.75528,Entire villa,15,490,3.33
By The Sea Villa.... Sea view rooms with a pool..,Raigad,Maharashtra,India,18.4914,72.90293,Entire villa,16,661,0
Newly constructed Luxury Home: 8 Rooms: Bonfire,Jaipur,Rajasthan,India,26.905,75.777,Entire bungalow,16,698,0
A Luxurious Mountain Bungalow with stunning views,Mussoorie,Uttarakhand,India,30.44259,78.20533,Entire villa,8,499,0
Triangle,Chouk,Maharashtra,India,18.91733,73.27612,Entire villa,10,558,0
"7BR Goil Farms -Shahpur, 1.5hrs drive from Mumbai.",Shahpur,Maharashtra,India,19.46364,73.37774,Entire villa,16,707,0
Colonial Bungalow in a serene locality in Delhi,New Delhi,Delhi,India,28.58985,77.24795,Entire bungalow,15,661,0
Horizon 360 - Pet friendly villa for family,Mahabaleshwar,Maharashtra,India,17.92718,73.67217,Entire villa,15,548,0
Luxurious 5+1 bhk villa with pool on river bank.,Reis Magos,Goa,India,15.507,73.812,Entire villa,12,541,0
5 Lakeside Villas For Up To 27 Person In Kumarakom,Kumarakom,Kerala,India,9.58526,76.42267,Entire villa,16,601,0
9bhk Vibhati Resort  for Large group And Events.,Aundholi,Maharashtra,India,18.70868,73.46052,Private room in resort,16,567,0
The Baga Beach Villa 5BHK with Private Pool,Calangute,Goa,India,15.53888,73.76503,Entire villa,15,601,0
7BHK Beach Villa with Private Pool,Calangute,Goa,India,15.533,73.762,Entire villa,16,545,4.93
Haveli Anirudh 7 BR with Pool near Jaipur,Bagru,Rajasthan,India,26.78134,75.52838,Farm stay,16,524,0
Pushp Villa at Amayaah Resorts,Narendra Nagar,Uttarakhand,India,30.13509,78.30805,Private room in resort,6,706,0
2 Private Pool Villa's in Candolim - Pvt Cook,Candolim,Goa,India,15.51971,73.77465,Entire home,16,561,4.33
Villa Evora by Lohono Stays,Assagaon,Goa,India,15.60493,-73.75071,Entire villa,10,640,0
The Project Cafe - Portuguese Villa,Assagao,Goa,India,15.602,73.783,Entire villa,13,541,0
PALACiO - 6BHK Mansion,Kune N.m.,Maharashtra,India,18.77096,73.37924,Entire villa,16,598,0
12 Bedroom Heritage+ Boutique stay+ Vagator,Vagator,Goa,India,15.59441,73.74917,Entire villa,16,661,0
"""Splendid 3 BHk Apartments with Pool & Seaview!""",Dabolim,Goa,India,15.37225,73.89023,Entire condo,7,601,2.33
Exotic Farm house |6 Acre | Orchards | AC |Solan,Kasauli,Himachal Pradesh,India,30.90024,76.96419,Farm stay,16,601,0
StayVista at Frosty @ Frozen Fall - Drung,Tangmarg,Jammu and Kashmir,India,34.03872933356943,74.40793628793006,Private room in villa,10,716,0
The Purple Lotus,Tilase,Maharashtra,India,19.64953,73.2105,Farm stay,16,661,0
5 BedRoom Villa on the Chapora river in Colvale,Colovale,Goa,India,15.65007,73.81935,Entire villa,8,722,4.73
CHIKOO SKY New 5BHK Villa Private Pool Candolim,Candolim,Goa,India,15.51608,73.78854,Entire villa,14,550,4.7
Anagha Homestay,Udaipur,Rajasthan,India,24.54901,73.67723,Entire bungalow,16,490,4.91
Villa Magnolia - on a coffee plantation,Virajpet,Karnataka,KA,12.19751,75.8028,Entire bungalow,8,601,4.42
Ziva villa with a private pool,North Goa,Goa,India,15.499,73.779,Entire home,16,541,4.57
Super Premium Bungalow with Pool | Mahabaleshwar,Mahabaleshwar,Maharashtra,India,17.966,73.663,Entire villa,12,723,0
StayVista at Villa Meer - 6BR w/ Pool & Huge Lawn,Nashik,Maharashtra,India,20.01012,73.66948,Entire villa,16,505,4.25
7BR w/ swimming pool & pool table @ Mehta Mansion,Lonavala,Maharashtra,India,18.75271,73.40711,Private room in villa,16,530,4.33
Belle Vue Cottage - Luxury Victorian Property,Khandala,Maharashtra,India,18.75518,73.3726,Entire bungalow,16,503,4.85
White Escape Sky Villa Penthouse,Bengaluru,Karnataka,India,12.78803,77.66133,Entire rental unit,15,577,4.67
Zen Villa: Luxury 5BHK Farmhouse by Limestays,Zirad,Maharashtra,India,18.75464,72.88832,Entire villa,16,558,4.33
Regal Juhu villa by the beach Chennai.,Chennai,Tamil Nadu,India,12.86294,80.24809,Entire home,10,722,0
976 Panangad,Ernakulam,Kerala,India,9.89654,76.33206,Entire villa,8,661,0
StayVista at Ayurkutir Villa - 9 BR,Lonavala,Maharashtra,India,18.77183,73.39347,Entire villa,16,612,0
"Ultra luxurious Penthouse ,5 star facilities",Gurugram,Haryana,India,28.42572,77.03501,Entire rental unit,10,678,0
Summertime - an award winning luxury villa in Goa,Calangute,Goa,India,15.53583,73.77486,Entire place,7,577,4.73
7 Bedroom Luxury Villa + Private Pool + Beach near,North Goa,Goa,India,15.552,73.767,Entire villa,16,549,4.84
4bhk Luxury FarmVilla,New Delhi,Delhi,India,28.47924,77.15245,Entire villa,8,679,0
"The Rain 4BHK w/Breakfast, Kayaking & Infinty Pool",Alappuzha,Kerala,India,9.54264,76.35528,Entire villa,12,548,4.85
Boutique 6BHK wit PrivatePool-PartyArea in Vagator,Bardez,Goa,India,15.59979,73.73982,Entire villa,16,605,0
6 Room Villa in Britona on the Mandovi River,BARDEZ,Goa,India,15.52367,73.84667,Entire villa,10,722,4.63
8 Rooms | 2 Villas | 1 Private Pool | Fab Views,Sangolda,Goa,India,15.53822,73.81759,Entire villa,16,722,4.67
"Villa 41- 6BR w/Pool, Poker table & Lawn",Lonavala,Maharashtra,India,18.75566,73.39192,Entire villa,16,619,0
7BR Super Luxury Villa • 2 Private Pool • Candolim,Nerul,Goa,India,15.51149,73.78643,Entire villa,16,731,0
4 Bhk Heritage home with big Pool-The Aldona House,Aldona,Goa,India,15.59977,73.87164,Entire home,10,722,4.9
Villa Waves - Bali Beach Villa on ECR near Kovalam,Chennai,Tamil Nadu,India,12.74715,80.24307,Entire villa,6,515,4.94
4BHK PRIVATE POOL + SEA VIEW + CARETAKER -CANDOLIM,Nerul,Goa,India,15.5003,73.79552,Entire villa,12,495,4.31
The Bistendu Resort - Private Boutique Resort 7bhk,Garat Pur Bas,Haryana,India,28.32043,77.02146,Room in boutique hotel,16,490,4.75
Villa Aqua -Luxury Beach villa on ECR near Kovalam,Vadanemmeli,Tamil Nadu,India,12.74755,80.2436,Entire villa,10,722,4.83
Sunscape - Sea view 3bhk luxury apartment,Nerul ,Goa,India,15.50249,73.79117,Entire rental unit,6,692,5.0
Sea View Villa with infinity pool,Nerul,Goa,India,15.50076,73.80018,Entire villa,10,601,5.0
"3BHK, Pvt pool, nr Beach Larisa Candolim Lux Villa",Candolim,Goa,India,15.51254,73.76794,Entire home,9,513,4.77
Luxe Private Pool Sea View villa,Dona Paula Beach,Goa,India,15.45413,73.83351,Entire villa,12,512,4.83
Private Villa with living room and private pool,Mandrem,Goa,Goa,15.66473,73.71201,Entire villa,15,711,3.71
DOLPHIN HEIGHTS 5BHK Sea View Pool Villa Candolim,Reis Magos,Goa,India,15.49681,73.80242,Entire villa,14,498,4.73
Gardenview Aurus Grande - 5BR W/Pool & Pool table,Lonavla,Maharashtra,India,18.76465,73.38206,Entire villa,15,636,4.55
Luxurious 5BHK Villa With a Caretaker in Assagao,Assagao,Goa,India,15.59308,73.77637,Entire villa,15,498,4.88
Indulgent Elegant with Luxury Villa Private Pool,North Goa,Goa,India,15.535,73.767,Entire home,16,775,4.8
Spice Routes Houseboats - Clove,Alappuzha,Kerala,India,9.4925,76.39202,Houseboat,6,698,0
9bedroom premium houseboat,Aryad South,Kerala,India,9.52124,76.35633,Houseboat,16,728,0
VILLA NO 6(nearly a acre plot)with a pool,Candolim,Goa,India,15.526,73.787,Entire villa,13,722,5.0
Chopra Farms Gurgaon-Private 5bhk Farm Villa,Gurgaon,Haryana,India,28.37695,77.07406,Farm stay,16,481,4.86
7BHK Casa-de-Flora Villa with Large private Pool,Saligao,Goa,India,15.54588,73.78839,Entire villa,16,481,0
"Ivy Bridge- Luxurious, Green with Pool & Jacuzzi",Gurgaon,Haryana,India,28.27546,76.85812,Farm stay,14,447,4.5
O'NEST By The Beach 8bhk villa with private pool,Barashiv,Maharashtra,India,18.49095,72.90269,Private room in resort,16,481,0
5 Beds Luxury Private Pool Villa in Khandala,Lonavla,Maharashtra,India,18.77835,73.38543,Entire villa,15,447,4.25
Assagao Luxury Heritage Goan Villa with Pvt Pool,Vagator,Goa,India,15.604,73.752,Entire villa,14,477,4.88
6-10BR Priv. Villa + POOL | B'FAST | STAFF | COOK,Calangute,Goa,India,15.53535,73.7681,Entire villa,16,680,0
"Arabella, 4BR Luxury Pool Villa Near Mandwa Jetty",Alibag,Maharashtra,India,18.791,72.882,Entire villa,16,458,0
Mi Casa by Chazing Purple,Bengaluru,Karnataka,India,13.13812,77.53386,Farm stay,10,481,3.33
Tudor Rose - Swiss chalet with Tudor styled facade,Panchgani,Maharashtra,India,17.92529,73.76488,Entire villa,12,474,4.75
4bhk Sea View Villa @reismagos Candolim,Goa,Goa,India,15.49949,73.7951,Entire home,12,457,0
"Luxury Serviced Beach House on Candolim Beach, Goa",Candolim,Goa,India,15.51924,73.76495,Entire villa,9,480,4.36
Khushana  Villa  by Baywatchstayzz,Chennai,Tamil Nadu,India,12.88,80.24946,Entire villa,8,442,0
Luxe 5 BR heritage pool villa,Assagao,Goa,India,15.601,73.783,Entire villa,10,457,4.75
Jain Farms,Haryana,Haryana,India,28.37241,77.05293,Farm stay,16,447,0
4BR Casa Do Amor Pvt Pool & Breakfast,Goa,Goa,India,15.5421,73.81115,Entire villa,11,480,0
"Birdsong Home, entire bungalow with terrace, deck",Mirik,West Bengal,India,26.88462,88.18305,Entire bungalow,14,457,4.6
LaMaroma | Luxurious villa|Caretaker| Pvt Pool| DG,Vagator,Goa,India,15.5949,73.75217,Entire home,7,477,0
Beautiful Villa for a luxurious stay,Udaipur,Rajasthan,India,24.4972,73.68054,Entire villa,9,421,0
4BR Pvt Pool Villa With Chef - WiFi - North Goa,North Goa,Goa,India,15.55815,73.77549,Entire villa,16,481,0
LaSierra | 3bhk | Cosy Pvt Pool Villa | Breakfast,Anjuna,Goa,India,15.6,73.747,Entire home,7,468,4.88
StayVista @The Lama House 6BR w/Bonfire+Lawn+View,Manali,Himachal Pradesh,India,32.25024,77.17428,Entire villa,16,448,0
"4 LuxuryTents w/ AC, Private Pool, BBQ",Hosur ,Tamil Nadu,India,12.801,77.829,Tent,16,459,0
Private cottages - Beachfront boutique resort,Ashvem Beach,Goa,India,15.64196,73.71895,Hut,14,463,0
Pura Vida II by Hireavilla-3BR w Pool in Anjuna,Anjuna,Goa,India,15.58744,73.74278,Entire villa,9,392,4.79
4BHK Rosette Villa with Private Pool at Candolim,Candolim,Goa,India,15.51186,73.76857,Entire villa,10,457,0
Daaya Luxury Private Pool 3BHK Villa at Assagao,Assagao,Goa,India,15.59817,73.7845,Entire villa,6,451,0
Luxury Cottages | 4 Bedrooms | Scenic Views,Rishikesh,Uttarakhand,India,30.1241,78.30721,Entire cottage,11,449,0
perfect cottage 1 km from mall road,Manali,Himachal Pradesh,India,32.24638,77.18152,Private room in bed and breakfast,12,481,0
4 Bedroom Boutique Farmhouse With Common Pool,Gurugram,Haryana,India,28.27229,76.85969,Entire villa,12,421,4.54
Versova beach sunset with Mumbai coastline view,Mumbai,Maharashtra,India,19.1303,72.81246,Entire condo,4,428,4.8
1BHK AC Room With Swimming pool,Navelim,Goa,India,15.25535,73.9238,Room in serviced apartment,3,722,4.84
Myna Villa I,Kune N.m.,Maharashtra,India,18.76399,73.39248,Entire villa,16,397,3.25
Mangalore Beach House: Villa Elegance,Haleyangadi,Karnataka,India,13.04605,74.78076,Entire villa,16,481,0
Kalpataru Hometel - best AC BNB rooms in malad,Mumbai,Maharashtra,India,19.19027,72.83503,Private room in bed and breakfast,16,481,0
Shivaaz Holiday Farms - Near Mopa Airport Goa,Dodamarg Maharashtra,Maharashtra,India,15.68105,74.05407,Farm stay,16,463,0
Meeram Ganga-Riverside boutique stay in Rishikesh,Rishikesh,Uttarakhand,India,30.10242,78.29796,Room in boutique hotel,16,445,0
4 Bed room boutique villa/ Private Butler,Palampur,Himachal Pradesh,India,32.11185,76.53686,Entire villa,10,460,0
Sea facing Deluxe Suites in Fort Kochi - CGH Earth,Kochi,Kerala,India,9.9695,76.24438,Room in boutique hotel,2,448,0
Luxury five bedroom private houseboat,Alappuzha,Kerala,India,9.46028,76.36189,Boat,15,468,5.0
"BrijRama Palace, Experience Heritage with luxury.",Varanasi,Uttar Pradesh,India,25.30747,83.00868,Room in heritage hotel,2,461,0
Rustik Highland Villa,Khingar,Maharashtra,India,17.90655,73.82809,Entire villa,12,463,0
The Neem Tree Udaipur Boutique Retreat,Udaipur,Rajasthan,India,24.57761,73.68657,Room in boutique hotel,16,481,0
5 Bed Lavish Indoor Pool Villa on Rent near Panvel,Kanthavli,Maharashtra,India,18.89997,73.0476,Entire villa,16,481,0
Casa di Vetro by Lifestyle Villa-4bhk Luxury Villa,Lonavla,Maharashtra,India,18.7836,73.45572,Entire villa,15,393,0
Dear Zindagi Villa !,Penha de França,Goa,India,15.55129,73.81805,Entire villa,10,481,0
"Le Mistral, Kodai - Luxury Villa",Kodaikanal,Tamil Nadu,India,10.26,77.478,Entire home,12,476,4.67
"3BD Pool Villa w/cook,5 Mins to Candolim Beach",Candolim,Goa,India,15.519,73.775,Entire villa,8,416,4.94
LaViola-3bhk Lovely Private Pool Villa with Genset,Anjuna - Vagator,Goa,India,15.603,73.752,Entire home,7,410,4.73
VILLA LOU GOA 1903 Heritage House withPrivate Pool,Verla,Goa,India,15.585,73.793,Entire villa,12,419,5.0
Kothli Hills,Kothali,Uttarakhand,India,30.22123,79.366,Private room in earthen home,10,460,0
"White Banyan - 5 bed, Private pool, Beach access",Candolim,Goa,India,15.51255,73.76818,Entire villa,10,601,4.4
Luxury Villa with personal pool,Jaipur,Rajasthan,India,26.82116,75.70489,Entire villa,6,421,4.33
Spring Gardens & Farmstay Amritsar,Amritsar,Punjab,India,31.693,74.811,Farm stay,16,481,5.0
VILLA HOLLYWOOD WITH PRIVATE POOL & HUGE TERRACE.,Mumbai,Maharashtra,India,19.14991,72.89329,Private room in villa,16,481,0
Madilina House,Puthenvelikara,Kerala,India,10.18,76.236,Entire villa,10,409,4.92
"Jaagar - A Family Retreat in Corbett, Ramnagar",Ramnagar,Uttarakhand,India,29.33,79.049,Room in resort,12,481,4.67
6 BHK Private Pool Villa - Alpine Riverhill Villa,Lonavla,Maharashtra,India,18.76402,73.50148,Entire villa,16,429,0
Blue Infinitum - Pool villa with 180° view of lake,Pawna,Maharashtra,India,18.64502,73.50265,Entire villa,16,434,5.0
"Luxurious 5bhk bunglow ""60 ML Chalet "" Max 35 ppl",Lonavla,Maharashtra,India,18.74584,73.4121,Entire bungalow,15,397,4.83
Luxury Boutique villa w/Pool in North Goa,Parra,Goa,India,15.57267,73.77863,Entire villa,12,421,4.83
"Surabhi Villa, off Airport Road, Bangalore",Bangalore Urban,Karnataka,India,13.18346,77.57569,Entire home,10,481,5.0
Whitehorse Villa,Lonavala,Maharashtra,India,18.76598,73.38261,Entire bungalow,16,419,4.67
Corbett Caravan Holidays in India by RV On,Gurugram,Haryana,India,28.41086,77.11119,Camper/RV,4,481,0
Wedding @ Bungalow with Garden & Pool,Bani Park,Rajasthan,India,26.925,75.801,Castle,16,481,0
Two rooms set with rooftop garden,Agra,Uttar Pradesh,India,27.14421,78.04574,Private room in home,4,481,4.57
Raghu Niwas - Your home in the hills,Mussoorie,Uttarakhand,India,30.45416,78.08309,Room in boutique hotel,16,475,5.0
The Bluedoor Luxury Villa close to Mussoorie,Dehradun,Uttarakhand,India,30.4101,78.06086,Entire vacation home,12,481,0
RAIMAN HOUSE | 2+2BHK Home - by HomestayDaddy,Kasauli,Himachal Pradesh,India,30.89526,77.01681,Entire condo,12,481,0
Luxury at the lap of nature at Anantvilas!,Bhimtal,Uttarakhand,India,29.35864,79.53659,Private room in chalet,6,481,0
Alluring 3 Bedroom Villa in Igatpuri,Igatpuri,Maharashtra,India,19.69109,73.57564,Entire villa,10,481,0
1 Manhattan •luxurious 3 bhk penthouse•,Jaipur,Rajasthan,India,26.89797,75.79371,Entire condo,7,478,3.33
Hilltop's Hashnoor Villa 21,Panchgani,Maharashtra,India,17.91803573643086,73.81090966971647,Entire villa,16,481,0
Rayne Forest - Luxury 5 BR Villa in Kotagiri,Kotagiri,Tamil Nadu,India,11.428272271156654,76.85974584964954,Entire villa,16,471,0
"4x2BHK for weddings, haldi, mehndi, sangeet, 40pax",Bengaluru,Karnataka,India,12.86523,77.58067,Entire condo,16,481,5.0
9BHK || 30PAX || NEAR DELLA || MOUNTAIN VIEW.,Lonavla,Maharashtra,India,18.78225,73.38634,Entire villa,16,479,0
pine peak villa,Kasauli,Himachal Pradesh,India,30.88968,76.96528,Entire villa,16,430,4.9
Costa Verde Seafront Villa with 24x7 Pool,Chennai,Tamil Nadu,India,12.88296,80.2506,Entire home,15,398,4.75
Cameo art house 1,New Delhi,Delhi,India,28.56747,77.16195,Private room in bed and breakfast,2,481,4.8
Luxury 3 BHK Villa w Pvt Pool - 2 mins to beach,Kihim,Maharashtra,India,18.73374,72.867,Entire home,10,436,4.94
The Mangrove Villa,Indore,Madhya Pradesh,India,22.734,75.943,Entire villa,16,430,0
10 Bedrooms in a Resort with a Swimming Pool,Krishnagiri,Tamil Nadu,India,12.80213,77.82934,Private room in resort,16,421,0
"the Inner Temple sanctuary, Moira, Goa",Moira,Goa,India,15.591,73.841,Entire villa,10,412,4.88
Hendrix luxury villa with private pool,Verla,Goa,India,15.58594,73.78018,Entire villa,16,421,4.75
4 bedrooms at Mukteshwar; MIAGO,Shashbani,Uttarakhand,India,29.42878,79.67858,Entire villa,10,481,0
Private Villa in Alibaug-Mazzo Reef,Alibag,Maharashtra,India,18.66683,72.87466,Entire home/apt,4,481,0
Frangipani Villa In Idyllic Laid Back Anjuna Goa,Anjuna,Goa,India,15.583,73.759,Entire villa,6,405,4.86
7 Room Villa,Sheel,Himachal Pradesh,India,31.1483,77.69797,Farm stay,14,467,0
Recently Renovated Bungalow in the Heart of City,Ahmedabad,Gujarat,India,23.071,72.557,Entire bungalow,16,481,4.62
Golden Arch-5 Bedroom Farm House,New Delhi,Delhi,India,28.45914,77.20017,Entire villa,10,481,4.57
"Bahisht, the Heritage pool villa",Lonavla,Maharashtra,India,18.7532,73.3713,Entire villa,8,433,5.0
"4 BHK, A Perfect Luxury Villa, Assagaon-Amanassa 1",Assagao,Goa,India,15.60216,73.78241,Entire villa,10,426,4.8
"De La Mer, 4BR Sea Facing Pool Villa in Nerul, Goa",Nerul,Goa,India,15.50139,73.79628,Entire villa,12,407,0
Resort stay with a Pool for large groups,Krishnagiri,Tamil Nadu,India,12.80346,77.82947,Private room in resort,16,421,4.33
LaZamora-3bhk Lavish Villa with Private Pool,Anjuna,Goa,India,15.60231,73.74936,Entire villa,7,411,0
Pvt pool-villa getaway 200m from Galgibaga beach,Canacona,Goa,India,14.96574,74.04822,Entire villa,7,421,5.0
Jewelz 6 - Luxury Villa in Koregaon Park,Pune,Maharashtra,India,18.537,73.895,Entire bungalow,16,440,4.8
Mingle with the Stars in an Open to Sky Bathroom,Goa,Goa,India,15.535,73.767,Entire home,16,425,4.92
6BHK Opulent Luxury Villa with private pool @ Baga,Arpora,Goa,India,15.55209,73.75725,Entire villa,12,481,0
Dam View Villa 211 (Pure Veg),Pawnanagar,Maharashtra,India,18.69850330302431,73.51855948653653,Farm stay,12,481,0
Swisstown Villa by JadeCaps|Theatre - Long Stays,Sadahalli,Karnataka,India,13.20511,77.63614,Entire villa,12,454,0
"The Croft Manali- Entire Villa, Cottage, Homestay",Vashist,Himachal Pradesh,India,32.283,77.18,Entire cottage,6,472,0
The Baga Villa Private Pool 5BHK,Baga,Goa,India,15.56485,73.74799,Entire villa,15,481,0
Private Luxury Home With Spacious Design,Goa,Goa,India,15.535,73.767,Entire home,14,473,0
"Goan house, opposite ashvem beach, complete privcy",Mandrem,Goa,India,15.65609,73.7169,Entire home,4,445,0
4BHK Villa Belle Vue with Private Pool @Candolim,Candolim,Goa,India,15.51347,73.78744,Entire villa,10,481,0
Luxurious Maharaja Tents near Karjat.Heart Nature.,Karjat.,Maharashtra,India,19.72129,73.02592,Campsite,16,481,0
Baleno Arco Villa,Candolim,Goa,India,15.51779,73.76391,Entire villa,15,481,0
Villa Camelia by The Venya,Hairiya Gaon,Uttarakhand,India,29.37481,79.5608,Entire home,6,457,0
Malsi Loghut Dehradun-Private cottage with Garden,Dehradun,Uttarakhand,India,30.393,78.07247,Private room in bed and breakfast,5,421,4.0
6 BHK Greenwood- A Heritage Bungalow w/ huge lawn,Ooty,Tamil Nadu,India,11.41403,76.69173,Entire villa,16,465,4.73
Lovely wooden cottage at Calungute,Calangute,Goa,India,15.53669,73.7588,Room in boutique hotel,3,455,0
"4 Burj, Jharokha Suits @Castle Oodeypore",Udaipur,Rajasthan,India,24.58588,73.71219,Private room in castle,12,481,0
Gruham By Chazing Purple,Bagalur,Tamil Nadu,India,12.85945,77.87615,Farm stay,10,421,0
"Art Deco Bungalow with private pool, Fort Kochi",Kochi,Kerala,India,9.96183,76.23963,Entire bungalow,6,480,0
Whitehouse by Hireavilla - 3BR w Valley View,Candolim,Goa,India,15.527,73.786,Entire villa,9,399,5.0
Beach Gate Bungalows with private pool - CGH Earth,Kochi,Kerala,India,9.96072,76.23802,Entire home,6,480,0
Casa Amor in Assagao is a 4 bed private pool villa,Vagator,Goa,India,15.59492,73.75086,Entire villa,10,399,0
Luxe 9BHK Villa w/AC Lounge & Terrace in GomtiNgr,Lucknow,Uttar Pradesh,India,26.857,81.001,Entire bungalow,16,397,5.0
Lush Resorts - 9 villas with private pool,Marudanapalli,Tamil Nadu,India,12.5419,77.76,Private room in resort,16,409,0
"5 bed independent villa with pvt. pool, Calangute",North Goa,Goa,India,15.53261,73.7686,Entire home,15,475,0
"Sol Sureno, Assagao - Luxury Private Bungalow",Vagator,Goa,India,15.60502,73.75305,Entire bungalow,12,399,4.9
Aashraya on the Ganga : Himalayan Farmstay Retreat,Uttarakhand,Uttarakhand,India,30.06396,78.5186,Farm stay,12,412,4.5
5 bedroom spacious family home. Centrally located,Lonavala,Maharashtra,India,18.75567,73.40465,Entire villa,16,455,4.5
#Shubham villa available for events#,Mumbai,Maharashtra,India,19.14462,72.79349,Entire bungalow,16,454,0
Pvt Resort with Pool at Nagaon Beach.,Alibag,Maharashtra,India,18.60635,72.90085,Entire vacation home,16,469,0
"Exclusive Beach Villa @ ECR, Chennai.",Kanathur,Tamil Nadu,Tamil Nadu,12.849,80.246,Entire villa,16,430,4.8
Villa Mandrem - luxury 1 acre 5BHK estate,Mandrem,Goa,India,15.67294,73.71444,Entire villa,12,397,0
LaZamora-3bhk Serene Private Pool Villa in Vagator,Anjuna,Goa,India,15.60369,73.74936,Entire home,6,411,0
8 BHK Luxury Villa With Private Pool - Candolim,Candolim,Goa,India,15.52422,73.77366,Entire villa,16,426,0
LaZamora-3bhk Pvt pool villa with garden & terrace,Anjuna,Goa,India,15.6036,73.7503,Entire home,6,411,4.67
White Villa (127) - Amarja Hills,Pawnanagar,Maharashtra,India,18.69732,73.51668,Farm stay,8,421,0
Twin four poster room with view of the City Palace,Udaipur,Rajasthan,India,24.49149,73.58323,Private room in villa,3,421,0
Individual Luxurious 5BHK PrivatePool Villa Anjuna,Anjuna,Goa,India,15.58818,73.75156,Entire villa,15,409,0
Amidst nature a unique & premium 9 bedroom Villa,Lonavala,Maharashtra,India,18.73289,73.36982,Entire villa,16,402,0
LookNoMore 5br Pool Villa Candolim Beach 600m,Candolim,Goa,India,15.53,73.766,Entire villa,13,409,0
6 bedroom Villa AV Lakeside,Lonavla,Maharashtra,India,18.70496,73.44868,Entire villa,15,427,0
Beach Elegance - Sea Side Bungalow,Chennai,Tamil Nadu,India,12.98354,80.26745,Entire villa,16,409,4.75
Sama Farms,Kodaikanal,Tamil Nadu,India,10.25245,77.47624,Farm stay,16,446,0
LaZamora | Jacuzzi | Genset | WI-FI | Anjuna,Anjuna,Goa,India,15.60411,73.75029,Entire home,6,411,5.0
LeChateau - A Heritage French Colonial Estate,Dehradun,Uttarakhand,India,30.39996,78.06553,Entire bungalow,8,409,0
Entire Bungalow in Madh with pvt swimming pool XX2,Mumbai,Maharashtra,India,19.14178,72.80502,Entire bungalow,16,391,0
Near Water Fall 3 BHK With Private Swimming Pool,Morve,Maharashtra,India,18.65139,73.43962,Private room in bungalow,12,421,0
CASA DIOS,Khandala,Maharashtra,India,18.779,73.381,Entire villa,16,476,0
Villa Mystique | Luxury 8BR in Tea Plantations,Kotagiri,Tamil Nadu,India,11.408635879136856,76.89354925622578,Entire villa,16,487,0
Exclusive Palace Stay sleeps 8. The Rani Vilas,Jaipur,Rajasthan,India,26.89796,75.85622,Castle,8,421,4.64
Lonavalalake 7bhk luxury villa with pool,Lonavala,Maharashtra,India,18.74761,73.39841,Entire villa,15,481,0
7 bedrooms # private riverside #serenehome,Kutta,Karnataka,India,11.96295,76.02185,Entire place,16,421,0
Luxury Villa with Private Pool,Puducherry,Puducherry,India,11.918,79.82,Entire home,15,481,0
Brookwood Gardens Swimming Pool Villa 5 BHK,New Delhi,Delhi,India,28.49507,77.13505,Farm stay,16,421,0
"Silver Fern, Homestay near Bhadra Wildlife Santury",Chikkamagaluru,Karnataka,India,13.35488,75.66652,Private room in bed and breakfast,16,425,0
4 BHK SUPER LUXURY APARTMENT @ CANDOLIM,Calangute,Goa,India,15.52981,73.76372,Entire serviced apartment,10,430,0
Red Stone Village Farmstays - Bungalow 1,Diveagar,Karnataka,Maharashtra,18.15195,73.00159,Farm stay,12,421,0
Palatial Palace,Bhilar,Maharashtra,India,17.91247,73.76019,Entire villa,16,481,0
Kundapura Beach stay: AC Deluxe Cottage,Maravanthe,Karnataka,India,13.72748,74.6406,Private room in cottage,3,421,0
LaZamora | Pool | 2.5 KM Beach | WI-FI | Anjuna,Anjuna,Goa,India,15.60248,73.74889,Entire home,6,399,0
"StayVista at Twilight Grove - 4BR w/ BBQ, Pool",Wavarle,Maharashtra,India,18.91837,73.27995,Entire villa,12,410,0
Bungalow with Garden & Terrace Near Nakki Lake,Mount Abu,Rajasthan,India,24.59639,72.71436,Entire home,14,421,0
4BHK Lilac Villa with a private pool @ Candolim,Candolim,Goa,India,15.51391,73.76975,Entire villa,10,421,0
Sparrow Vale Resorts-Entire Property for one group,Thattekad,Kerala,India,10.1069,76.70425,Entire cottage,16,414,0
Serene Garden 3Bed,Candolim,Goa,India,15.51987,73.76753,Entire villa,8,421,0
Emily Heritage villa Nainital,Nainital,Uttarakhand,India,29.38566,79.45323,Entire cottage,12,421,0
Avalon 5 Bedroom Cottage | Mountain View,Kanatal,Uttarakhand,India,30.42662,78.32913,Entire chalet,10,463,4.66
Casa Da Rosa by Hireavilla - 4BR w Private pool,Sangolda,Goa,India,15.54542,73.8132,Entire villa,10,488,4.87
Kapadia Bunglow,Alibag,Maharashtra,India,18.72961,72.88579,Entire bungalow,10,481,4.9
Kahani Paradise by Hireavilla- 6BR Overlooking Sea,Gokarna,Karnataka,India,14.54024,74.33685,Entire villa,3,472,0
Premium 8BR villa w private pool nr candolim beach,Candolim,Goa,India,15.52701,73.76575,Entire villa,16,474,4.67
Serene Seven Frangipanni Villas Anjuna,Anjuna,Goa,India,15.58452,73.74153,Entire home,12,443,5.0
The Mandrem House - 5BHK Luxury Villa with a pool,Mandrem,Goa,India,15.672,73.716,Entire villa,14,440,4.79
Baan Thai - 4 Bedroom Luxurious Villa in Alibag,Satirje,Maharashtra,India,18.73987,72.89868,Entire villa,8,464,4.7
SimBliss Farmhouse with Pool near Delhi & Gurgaon,Gurugram,Haryana,India,28.2908,76.93421,Farm stay,12,472,4.71
BayView 4BR Petfriendly villa Pvtpool,Reis Magos,Goa,India,15.49548,73.80428,Entire villa,8,464,4.72
JenJon Karjat Resort - Casa Rosa,Karjat,Maharashtra,India,18.92626,73.32085,Entire villa,8,394,0
StayVista at Hilltop Haven - 6BR✦Breakfast✦Bonfire,Haripur,Himachal Pradesh,India,32.14635,77.15806,Entire villa,15,433,0
Angel Boat House 4 Bedroom,Alappuzha,Kerala,India,9.50274,76.35192,Houseboat,8,421,0
The Tree House,New Delhi,Delhi,India,28.44201,77.20986,Treehouse,2,469,0
Beautiful Room in Bujera Fort 15 minutes from City,Udaipur,Rajasthan,India,24.5685,73.63485,Private room in villa,3,421,0
3- bedroom Villa with pvt  swimming pool,Goa,Goa,India,15.52667,73.76136,Private room in resort,6,439,0
The Blue Sheep Tirthan,Bini,Himachal Pradesh,India,31.64675,77.34611,Room in hotel,2,421,0
"1BR Luxury Suite Kesarbagh w/Balcony 01 , Jojawar",Jojawar,Rajasthan,India,25.52926,73.75535,Room in boutique hotel,3,409,5.0
Beautiful suite in Bujera viewing the city palace,Udaipur,Rajasthan,India,24.48927,73.58372,Private room in villa,3,421,0
The Orchard at Peora Estates | Royal Suite,Mukhteshwar,Uttarakhand,India,29.46127,79.65691,Private room in bungalow,2,391,0
Three Bedroom Villa with Pool in Udaipur,Chaukariya,Rajasthan,India,24.5219,73.61982,Farm stay,10,394,0
"Luxury Pool Villa, Coconut Lagoon - CGH Earth",Kumarakom,Kerala,India,9.634,76.41762,Room in resort,2,439,0
The Marine Beach Villa,Candolim,Goa,India,15.51548,73.77375,Entire villa,12,433,0
ORGANIC FARM STAY with clay oven in Jaipur,Jaipur,Rajasthan,India,26.99922,75.80218,Farm stay,10,421,0
"The Kothi, village stay, Punjab, India (VILLA)",Nawanpind Sardaran,Punjab,India,31.981,75.399,Farm stay,12,421,4.75
SUNRISEONHILLS will be a perfect place to unwind.,Kodaikanal,Tamil Nadu,India,10.24664,77.47499,Private room in villa,16,421,0
Kundapura Beach stay: AC Sun Cottage,Maravanthe,Karnataka,India,13.725,74.63905,Private room in cottage,2,421,0
3BHK Pool Villa 36 by The Rentalgram,Lonavla,Maharashtra,India,18.76322,73.44223,Entire villa,10,150,4.7
"4BR Riverside Hideaway w/ 2 Pvt Pools, Alleppey",Nedumudy,Kerala,India,9.41887,76.40641,Private room in nature lodge,8,433,0
Udupi Beach House: Seascape,Udupi,Karnataka,India,13.37779,74.69766,Private room in bungalow,10,149,4.83
Alsisar Haveli - A Heritage Home,Jaipur,Rajasthan,India,26.92392,75.80481,Entire serviced apartment,2,132,4.93
Luxury Service Apartments w/Pool in North Goa,Penha de França,Goa,India,15.52005,73.81814,Room in serviced apartment,12,130,4.71
Royal Suite !,Jaipur,Rajasthan,India,26.90123,75.82154,Room in heritage hotel,2,131,4.76
5 Star Luxe Villa North Goa with Olympic size Pool,Vagator,Goa,India,15.6041,73.75412,Entire villa,10,150,4.94
Serenidad - 3BHK penthouse with private terrace!,Candolim,Goa,India,15.51,73.774,Entire serviced apartment,8,148,4.68
The Most Luxurious Villa With Private Swimming,Lonavla,Maharashtra,India,18.77964,73.38772,Entire villa,16,133,3.83
"Cedar House Farm Stay, 20 mins from Koramangala",Marsur,Karnataka,India,12.763,77.69897,Farm stay,12,135,4.86
Elegant Villa: Luxury 4BHK by Limestays,Lonavala,Maharashtra,India,18.76309,73.40182,Entire villa,16,133,4.57
Indo - Portuguese Villa in Assagao,Assagao,Goa,India,15.59958,73.77469,Entire villa,7,147,4.55
Riviera Sublime 3BHK Villa,Siolim,Goa,India,15.62359,73.76828,Entire villa,10,137,4.78
Meraki @ The Woodhouse Farm,Nainital,Uttarakhand,India,29.50948,79.63587,Farm stay,6,153,5.0
A Cosy Villa near the beach in Goa,Varca,Goa,India,15.22279,73.93695,Entire villa,10,134,4.6
Sara's Chalet Two with Garden View,Nainital,Uttarakhand,India,29.45992,79.65339,Entire chalet,5,149,4.42
ANISREE (4 Bedroom home with valley view),Kodaikanal,Tamil Nadu,India,10.26714,77.46693,Entire home,8,151,4.81
"Farm Villa  with pool near NH 8, Bonfire",Gurugram,Haryana,India,28.36201,76.95057,Entire home,14,132,3.85
"3 Bhk Luxury Beach Villa.
HAPPY 2 U 
Candolim.",Goa,Goa,India,15.51444,73.76619,Entire bungalow,10,139,4.92
Pool Villa - The Humming Trees,Pravithanam,Kerala,India,9.737,76.735,Entire villa,16,192,4.92
StayVista Scenic View - 4BR Bungalow 89,Lonavala,Maharashtra,India,18.73217,73.40168,Entire villa,12,193,4.36
Farm The Retreat | With Private Pool,Gurugram,Haryana,India,28.289,76.929,Farm stay,6,196,4.74
ElSereno-2Bhk Apt with Private Garden-North Goa,Chapora,Goa,India,15.60545,73.74301,Entire rental unit,4,140,4.77
TERRAKOT....A Mango Breeze!,Lanja,Maharashtra,India,16.881,73.468,Farm stay,9,192,0
Valley view Bungalow on rent in Panchgani,Panchgani,Maharashtra,India,17.943,73.807,Entire home,16,190,4.91
Shalimar Royal: Luxurious 4BHK Villa by Limestays,Lonavala,Maharashtra,India,18.7641,73.40108,Entire villa,16,133,4.41
'Alberto Villa' -High end luxury mansion with pool,Jaipur,Rajasthan,India,26.97969,75.77537,Entire villa,10,192,0
Experience serenity at this 2BHK pool property,Ranga Reddy,Telangana,India,17.29038,78.23217,Entire villa,14,192,5.0
Modi House,Lonavala,Maharashtra,India,18.74743,73.42289,Entire bungalow,16,194,4.66
Sara's Chalet Three w/ Lawn,Nainital,Uttarakhand,India,29.41925,79.55279,Entire chalet,5,132,4.43
Luxurious 3bhk villa with private pool at Colva,Colva,Goa,India,15.27555,73.91895,Entire home,9,191,3.2
4 BR Artisana Farm with swimming pool in Jaipur,Jaipur,Rajasthan,India,26.93029,75.88596,Farm stay,10,129,4.49
"3BHK luxury Villa-Villa Da' Sixth, Vagator- Anjuna",Vagator,Goa,India,15.59775,73.75629,Entire villa,8,141,4.83
Serviced Apartments w Pool & Breakfast for upto 12,Alto Porvorim,Goa,India,15.51944,73.81883,Room in serviced apartment,12,133,5.0
A Secluded Wood Cabin @ Dhanaulti (Falcon Crest ),Dhanolti,Uttarakhand,India,30.447,78.196,Entire cabin,4,135,4.89
Cute 3 Bedroom Villa 300m from Baga Beach,Baga,Goa,India,15.55843,73.75666,Entire villa,6,129,4.53
"B's Hive on the Beach - ""KADAL""",Chennai,Tamil Nadu,India,12.70712,80.2272,Entire cottage,10,137,4.78
4BHK: The ForestBound Cottage,Manali,Himachal Pradesh,India,32.245,77.181,Entire villa,10,153,5.0
Baga/calangute 7min drive- 3bhk villa with pool,Sangolda,Goa,India,15.54702,73.80199,Entire villa,12,137,4.44
Cabaral Villa: Artsy 3BHK with pool by Limestays,Igatpuri,Maharashtra,India,19.68254,73.57751,Entire villa,16,137,4.4
The Anchorage by Sonali - Kasauli,Kasauli,Himachal Pradesh,India,30.902,77.016,Entire cottage,6,139,4.75
Villa spend time and make memories,New Delhi,Delhi,India,28.52394,77.13948,Entire villa,10,150,0
"Jumbo pool villa, Ambernath",Nalambi,Maharashtra,India,19.22775,73.21889,Farm stay,12,152,4.8
A Frame Wildrootstay Orchid Family Chalet,Sughandhagiry,Kerala,India,11.58006,75.99667,Farm stay,6,131,3.8
Hushstay x House on the Slope :Facing the Himalaya,Chalnichhina,Uttarakhand,India,29.5547,79.80569,Farm stay,6,192,5.0
"Vagator ,Cosy & Modern 3 bedroom villa for 8",Goa,Goa,India,15.5987,73.75698,Entire villa,8,196,5.0
"Nature Castle(Willus villa),Munnar,Vattavada",Munnar,Kerala,India,10.15926,77.17119,Entire villa,16,154,4.53
